"Time (s)","Latitude (째)","Longitude (째)","Height (m)","Velocity (m/s)","Direction (째)","Horizontal Accuracy (m)","Vertical Accuracy (째)"
7.465004921E-3,6.038106635E1,5.353187870E0,5.754551092E0,0.000000000E0,-1.000000000E0,4.695397429E0,4.695397429E0
8.843238354E-1,6.038105636E1,5.353203946E0,6.487744818E0,0.000000000E0,-1.000000000E0,4.694582325E0,4.694582325E0
1.884335756E0,6.038104881E1,5.353214025E0,6.797167052E0,0.000000000E0,-1.000000000E0,4.695423651E0,4.695423651E0
2.884347081E0,6.038104872E1,5.353214204E0,6.786671762E0,0.000000000E0,-1.000000000E0,4.695674202E0,4.695674202E0
3.884358644E0,6.038104872E1,5.353214204E0,6.786671762E0,0.000000000E0,-1.000000000E0,4.699710418E0,4.699710418E0
4.884371042E0,6.038104872E1,5.353214204E0,6.786671762E0,0.000000000E0,-1.000000000E0,4.699770373E0,4.699770373E0
5.884383321E0,6.038104872E1,5.353214204E0,6.786671762E0,0.000000000E0,-1.000000000E0,4.687392924E0,4.687392924E0
6.884393215E0,6.038104872E1,5.353214204E0,6.786671762E0,0.000000000E0,-1.000000000E0,4.681874667E0,4.681874667E0
7.884404302E0,6.038104872E1,5.353214204E0,6.786671762E0,0.000000000E0,-1.000000000E0,4.681984182E0,4.681984182E0
8.884416342E0,6.038104872E1,5.353214204E0,6.786671762E0,0.000000000E0,-1.000000000E0,4.684011393E0,4.684011393E0
9.884426951E0,6.038104872E1,5.353214204E0,6.786671762E0,0.000000000E0,-1.000000000E0,4.685926285E0,4.685926285E0
1.088443816E1,6.038104872E1,5.353214204E0,6.786671762E0,0.000000000E0,-1.000000000E0,4.687506834E0,4.687506834E0
1.188444901E1,6.038104872E1,5.353214204E0,6.786671762E0,0.000000000E0,-1.000000000E0,4.688521510E0,4.688521510E0
1.288446033E1,6.038104872E1,5.353214204E0,6.786671762E0,0.000000000E0,-1.000000000E0,4.689289075E0,4.689289075E0
1.388447177E1,6.038104872E1,5.353214204E0,6.786671762E0,0.000000000E0,-1.000000000E0,4.690247566E0,4.690247566E0
1.488448191E1,6.038104872E1,5.353214204E0,6.786671762E0,0.000000000E0,-1.000000000E0,4.690893029E0,4.690893029E0
1.588449299E1,6.038104872E1,5.353214204E0,6.786671762E0,0.000000000E0,-1.000000000E0,4.691601962E0,4.691601962E0
1.688450408E1,6.038104872E1,5.353214204E0,6.786671762E0,0.000000000E0,-1.000000000E0,4.692798518E0,4.692798518E0
1.788608944E1,6.038104872E1,5.353214204E0,6.786671762E0,0.000000000E0,-1.000000000E0,4.694061018E0,4.694061018E0
1.888571334E1,6.038104872E1,5.353214204E0,6.786671762E0,0.000000000E0,-1.000000000E0,4.694835918E0,4.694835918E0
1.988562763E1,6.038104645E1,5.353265455E0,1.105960251E1,0.000000000E0,-1.000000000E0,4.694876601E0,4.694876601E0
2.088587117E1,6.038103807E1,5.353273425E0,1.105601241E1,8.380498287E-1,1.640669339E2,4.689177737E0,4.689177737E0
2.188546729E1,6.038103380E1,5.353273747E0,1.102535446E1,0.000000000E0,1.663480761E2,4.690859187E0,4.690859187E0
2.288536286E1,6.038103380E1,5.353273747E0,1.102535446E1,0.000000000E0,1.663480761E2,4.695336597E0,4.695336597E0
2.388559628E1,6.038098121E1,5.353303830E0,1.133300299E1,2.723494943E0,1.646669908E2,4.698462147E0,4.698462147E0
2.488519120E1,6.038095033E1,5.353325646E0,1.139586445E1,3.395273881E0,1.632653478E2,4.696873384E0,4.696873384E0
2.588509059E1,6.038086009E1,5.353033981E0,1.139917214E1,3.949632820E0,1.607610321E2,2.005698675E1,2.005698675E1
2.688533366E1,6.038081071E1,5.353068793E0,1.137585469E1,4.949736257E0,1.607610321E2,2.028574257E1,2.028574257E1
2.788525581E1,6.038075888E1,5.353105334E0,1.155794102E1,5.646292327E0,1.607610321E2,1.989545615E1,1.989545615E1
2.888516140E1,6.038070744E1,5.353141597E0,1.106077530E1,6.083144639E0,1.607610321E2,2.007815359E1,2.007815359E1
2.988481402E1,6.038064764E1,5.353183757E0,1.017528136E1,6.670730376E0,1.607610321E2,1.958988593E1,1.958988593E1
3.088469779E1,6.038057350E1,5.353264969E0,9.595352897E0,6.816157576E0,1.531522675E2,1.835359934E1,1.835359934E1
3.188461292E1,6.038050397E1,5.353378261E0,9.188670020E0,7.023807325E0,1.432421112E2,1.536411696E1,1.536411696E1
3.288453579E1,6.038044813E1,5.353483327E0,8.447202782E0,7.263303600E0,1.392593231E2,1.512609332E1,1.512609332E1
3.388446510E1,6.038040227E1,5.353646270E0,7.724978462E0,7.322530256E0,1.270730362E2,1.291441489E1,1.291441489E1
3.488439691E1,6.038037824E1,5.353779073E0,6.986316682E0,6.677652612E0,1.158577805E2,1.020373025E1,1.020373025E1
3.588433397E1,6.038035496E1,5.353876107E0,7.289649834E0,6.391088039E0,1.158577805E2,9.273602999E0,9.273602999E0
3.688427484E1,6.038034429E1,5.353997458E0,7.098421551E0,6.113282414E0,1.066139297E2,4.877191148E0,4.877191148E0
3.788422048E1,6.038033059E1,5.354090221E0,8.283926934E0,5.912426436E0,1.066139297E2,5.414698808E0,5.414698808E0
3.888416934E1,6.038031738E1,5.354179609E0,8.885100724E0,5.832825160E0,1.066139297E2,6.719664736E0,6.719664736E0
3.988412225E1,6.038031128E1,5.354257657E0,8.064590435E0,5.666386830E0,1.064822769E2,8.615701093E0,8.615701093E0
4.088407767E1,6.038027985E1,5.354334939E0,8.920359867E0,5.621494606E0,1.064822769E2,1.063638551E1,1.063638551E1
4.188403738E1,6.038027974E1,5.354436667E0,9.534216883E0,5.617499988E0,1.064822769E2,1.286255011E1,1.286255011E1
4.288399887E1,6.038026581E1,5.354531749E0,9.910245278E0,5.629397695E0,1.064822769E2,1.506490486E1,1.506490486E1
4.388396275E1,6.038025173E1,5.354627895E0,1.093867238E1,5.651180272E0,1.064822769E2,1.767983907E1,1.767983907E1
4.488393068E1,6.038023787E1,5.354722566E0,1.183084220E1,5.661554302E0,1.064822769E2,2.075724722E1,2.075724722E1
4.588389862E1,6.038022447E1,5.354814019E0,1.126718326E1,5.646901065E0,1.064822769E2,2.371729852E1,2.371729852E1
4.702699566E1,6.038020892E1,5.354920169E0,1.346081091E1,5.660280376E0,1.064822769E2,2.493652443E1,2.493652443E1
5.842929101E1,6.037975826E1,5.355691436E0,1.346081066E1,-1.000000000E0,-1.000000000E0,1.554964963E2,1.554964963E2
5.844490492E1,6.037975785E1,5.355692494E0,1.346081066E1,-1.000000000E0,-1.000000000E0,1.554968750E2,1.554968750E2
5.845006001E1,6.037975772E1,5.355692844E0,1.346081066E1,-1.000000000E0,-1.000000000E0,1.554969163E2,1.554969163E2
8.063125002E1,6.037926850E1,5.356962864E0,1.346081066E1,-1.000000000E0,-1.000000000E0,5.767936280E2,5.767936280E2
1.119261119E2,6.037911513E1,5.357361035E0,1.346081066E1,-1.000000000E0,-1.000000000E0,7.075240004E2,7.075240004E2
1.122807280E2,6.037911513E1,5.357361035E0,1.346081066E1,-1.000000000E0,-1.000000000E0,7.075240004E2,7.075240004E2
1.142430540E2,6.037911513E1,5.357361035E0,1.346081066E1,-1.000000000E0,-1.000000000E0,7.075240007E2,7.075240007E2
1.142693110E2,6.037911513E1,5.357361035E0,1.346081066E1,-1.000000000E0,-1.000000000E0,7.075240007E2,7.075240007E2
1.142748120E2,6.037911513E1,5.357361035E0,1.346081066E1,-1.000000000E0,-1.000000000E0,7.075240007E2,7.075240007E2
1.142797970E2,6.037911513E1,5.357361035E0,1.346081066E1,-1.000000000E0,-1.000000000E0,7.075240007E2,7.075240007E2
1.192103599E2,6.037911513E1,5.357361035E0,1.346081066E1,-1.000000000E0,-1.000000000E0,7.075240024E2,7.075240024E2
1.192124150E2,6.037911513E1,5.357361035E0,1.346081066E1,-1.000000000E0,-1.000000000E0,7.075240024E2,7.075240024E2
1.263744400E2,6.037911513E1,5.357361035E0,1.346081066E1,-1.000000000E0,-1.000000000E0,7.075240061E2,7.075240061E2
1.512409329E2,6.037813019E1,5.356165588E0,1.346081066E1,-1.000000000E0,-1.000000000E0,8.177159010E2,8.177159010E2
1.512552819E2,6.037728614E1,5.355141144E0,1.346081066E1,-1.000000000E0,-1.000000000E0,8.177160020E2,8.177160020E2
1.535997790E2,6.037653092E1,5.354224516E0,1.346081066E1,-1.000000000E0,-1.000000000E0,8.204383373E2,8.204383373E2
1.551905470E2,6.037650609E1,5.354194385E0,1.346081066E1,-1.000000000E0,-1.000000000E0,8.217645713E2,8.217645713E2
1.552108560E2,6.037650578E1,5.354194005E0,1.346081066E1,-1.000000000E0,-1.000000000E0,8.217647948E2,8.217647948E2
1.552148889E2,6.037650572E1,5.354193930E0,1.346081066E1,-1.000000000E0,-1.000000000E0,8.217648036E2,8.217648036E2
1.560486990E2,6.037649295E1,5.354178441E0,1.346081066E1,-1.000000000E0,-1.000000000E0,8.221424463E2,8.221424463E2
1.656957409E2,6.037515195E1,5.352544925E0,1.346081066E1,-1.000000000E0,-1.000000000E0,8.728593821E2,8.728593821E2
1.738840458E2,6.037310923E1,5.351109464E0,9.183518410E0,9.241498768E0,2.031649067E2,2.000000000E2,2.000000000E2
1.748840520E2,6.037298780E1,5.351014846E0,1.378003656E0,9.608593941E0,2.030445071E2,1.494002659E2,1.494002659E2
1.758840594E2,6.037277341E1,5.350934724E0,2.647945491E1,1.067086612E1,2.104634832E2,3.382900256E1,3.382900256E1
1.768840659E2,6.037270476E1,5.350852867E0,2.653631200E1,1.073038395E1,2.074189898E2,1.514062348E1,1.514062348E1
1.778840728E2,6.037263019E1,5.350833915E0,2.629465083E1,9.872597076E0,2.042844470E2,8.206478216E0,8.206478216E0
1.788840778E2,6.037255817E1,5.350769923E0,2.533604237E1,9.426648061E0,2.045077221E2,5.830686129E0,5.830686129E0
1.798862832E2,6.037248912E1,5.350715971E0,2.283648525E1,9.142576436E0,2.044542056E2,4.630382255E0,4.630382255E0
1.808859020E2,6.037243842E1,5.350648818E0,2.211845005E1,8.366897335E0,2.044242108E2,4.573016696E0,4.573016696E0
1.818858261E2,6.037238048E1,5.350613888E0,2.096591549E1,7.490550314E0,2.029145607E2,4.503596299E0,4.503596299E0
1.828860935E2,6.037232831E1,5.350575066E0,2.016393529E1,6.749160164E0,2.061343027E2,4.478000615E0,4.478000615E0
1.838857059E2,6.037227264E1,5.350539550E0,1.937684887E1,6.526787116E0,2.045712567E2,4.474319285E0,4.474319285E0
1.848856121E2,6.037222395E1,5.350485557E0,1.872374404E1,6.520551911E0,2.060142650E2,4.479923932E0,4.479923932E0
1.858858496E2,6.037216542E1,5.350454398E0,1.818518760E1,6.686090229E0,2.001196663E2,4.502810244E0,4.502810244E0
1.868854469E2,6.037211095E1,5.350405786E0,1.776698520E1,6.671605700E0,2.048501833E2,4.517012987E0,4.517012987E0
1.878853437E2,6.037205939E1,5.350354463E0,1.771291886E1,6.425365332E0,2.043430128E2,4.535244051E0,4.535244051E0
1.888855789E2,6.037201602E1,5.350311750E0,1.746939301E1,5.769445333E0,2.038982543E2,4.552240379E0,4.552240379E0
1.898852233E2,6.037197069E1,5.350276258E0,1.760815220E1,5.628683798E0,2.009141184E2,4.568242541E0,4.568242541E0
1.908851243E2,6.037192872E1,5.350234234E0,1.775665932E1,5.529017584E0,2.003177582E2,4.578933161E0,4.578933161E0
1.918853220E2,6.037188512E1,5.350188853E0,1.749739423E1,5.483915068E0,2.019471873E2,4.574700336E0,4.574700336E0
1.928849269E2,6.037183659E1,5.350146342E0,1.731072918E1,5.612659304E0,2.019469819E2,4.579523287E0,4.579523287E0
1.938848344E2,6.037178845E1,5.350100713E0,1.681716251E1,5.732686313E0,2.034576228E2,4.587642732E0,4.587642732E0
1.948847479E2,6.037173872E1,5.350064818E0,1.678508170E1,5.689147439E0,2.009556137E2,4.600191260E0,4.600191260E0
1.958846656E2,6.037172002E1,5.349924806E0,1.691305039E1,5.462235436E0,2.082402954E2,4.608847966E0,4.608847966E0
1.968845885E2,6.037168446E1,5.349869545E0,1.680250447E1,5.576071352E0,2.138321533E2,8.124321343E0,8.124321343E0
1.978845165E2,6.037159669E1,5.349939671E0,1.676971897E1,5.780871777E0,2.038872825E2,4.633245605E0,4.633245605E0
1.988844479E2,6.037154931E1,5.349886678E0,1.695018569E1,5.762688068E0,2.075133292E2,4.644905204E0,4.644905204E0
1.998843837E2,6.037150928E1,5.349819259E0,1.778772660E1,5.881300225E0,2.179872833E2,4.651109372E0,4.651109372E0
2.008843231E2,6.037147798E1,5.349737734E0,1.784717506E1,5.368241401E0,2.259236366E2,4.649962587E0,4.649962587E0
2.018842667E2,6.037151187E1,5.349539637E0,1.819107527E1,5.538287737E0,2.357127380E2,9.754060875E0,9.754060875E0
2.028842124E2,6.037149010E1,5.349453101E0,1.825173691E1,5.570299523E0,2.427985687E2,9.177333103E0,9.177333103E0
2.038841618E2,6.037147036E1,5.349375554E0,1.819471900E1,5.111298189E0,2.427985687E2,7.768932655E0,7.768932655E0
2.048841133E2,6.037144808E1,5.349285729E0,1.810031938E1,5.207949920E0,2.444542694E2,7.858156134E0,7.858156134E0
2.058840678E2,6.037142279E1,5.349178932E0,1.929675079E1,5.574068152E0,2.443478394E2,4.615272083E0,4.615272083E0
2.068840250E2,6.037139271E1,5.349086927E0,2.046398467E1,5.595138323E0,2.443478394E2,4.604249351E0,4.604249351E0
2.078839852E2,6.037137036E1,5.348993540E0,1.956559213E1,5.587300195E0,2.443478394E2,4.609655186E0,4.609655186E0
2.088839467E2,6.037134760E1,5.348900333E0,2.007107531E1,5.513479705E0,2.443478394E2,4.611404806E0,4.611404806E0
2.098839120E2,6.037132472E1,5.348806658E0,1.963131155E1,5.539758471E0,2.443478394E2,4.614962963E0,4.614962963E0
2.108838757E2,6.037130763E1,5.348736534E0,1.972596276E1,4.813676567E0,2.443478394E2,4.618739937E0,4.618739937E0
2.118838431E2,6.037129362E1,5.348682247E0,1.962614915E1,3.738555604E0,2.443478394E2,4.621292471E0,4.621292471E0
2.128838135E2,6.037127942E1,5.348633217E0,1.949318839E1,3.107102599E0,2.443478394E2,4.625304260E0,4.625304260E0
2.138837838E2,6.037127768E1,5.348581976E0,1.969252745E1,2.398894709E0,2.443478394E2,4.618849869E0,4.618849869E0
2.148837563E2,6.037127162E1,5.348561394E0,1.998542311E1,1.427695956E0,2.443478394E2,4.621122475E0,4.621122475E0
2.158837292E2,6.037126671E1,5.348551872E0,2.010124072E1,8.016214407E-1,2.443478394E2,4.609811865E0,4.609811865E0
2.168837053E2,6.037126664E1,5.348557393E0,2.013614991E1,0.000000000E0,2.443478394E2,4.611869242E0,4.611869242E0
2.178836812E2,6.037126545E1,5.348565690E0,1.959574167E1,0.000000000E0,2.443478394E2,4.610889283E0,4.610889283E0
2.188836589E2,6.037126252E1,5.348566297E0,2.014569651E1,0.000000000E0,2.443478394E2,4.616189492E0,4.616189492E0
2.198836370E2,6.037127230E1,5.348541688E0,2.103195239E1,2.543964847E-1,2.443478394E2,4.604780814E0,4.604780814E0
2.208836167E2,6.037127248E1,5.348540306E0,2.068176329E1,0.000000000E0,2.443478394E2,4.615658604E0,4.615658604E0
2.218835965E2,6.037127441E1,5.348538348E0,2.066929594E1,0.000000000E0,2.443478394E2,4.634906081E0,4.634906081E0
2.228835777E2,6.037126950E1,5.348542388E0,2.051638842E1,0.000000000E0,2.443478394E2,4.649263564E0,4.649263564E0
2.238836519E2,6.037126777E1,5.348543893E0,2.041383830E1,0.000000000E0,2.443478394E2,4.659215887E0,4.659215887E0
2.248835441E2,6.037126777E1,5.348543893E0,2.041383830E1,0.000000000E0,2.443478394E2,4.662824786E0,4.662824786E0
2.258835276E2,6.037126777E1,5.348543893E0,2.041383830E1,0.000000000E0,2.443478394E2,4.667486065E0,4.667486065E0
2.268835104E2,6.037126777E1,5.348543893E0,2.041383830E1,0.000000000E0,2.443478394E2,4.674633421E0,4.674633421E0
2.278834963E2,6.037126777E1,5.348543893E0,2.041383830E1,0.000000000E0,2.443478394E2,4.667494111E0,4.667494111E0
2.288834819E2,6.037126777E1,5.348543893E0,2.041383830E1,0.000000000E0,2.443478394E2,4.658627806E0,4.658627806E0
2.298834676E2,6.037126777E1,5.348543893E0,2.041383830E1,0.000000000E0,2.443478394E2,4.661432379E0,4.661432379E0
2.308834544E2,6.037126777E1,5.348543893E0,2.041383830E1,0.000000000E0,2.443478394E2,4.663971829E0,4.663971829E0
2.318834409E2,6.037126777E1,5.348543893E0,2.041383830E1,0.000000000E0,2.443478394E2,4.666686420E0,4.666686420E0
2.328834293E2,6.037126777E1,5.348543893E0,2.041383830E1,0.000000000E0,2.443478394E2,4.668981187E0,4.668981187E0
2.338834170E2,6.037126777E1,5.348543893E0,2.041383830E1,0.000000000E0,2.443478394E2,4.671619411E0,4.671619411E0
2.348834060E2,6.037126777E1,5.348543893E0,2.041383830E1,0.000000000E0,2.443478394E2,4.673748892E0,4.673748892E0
2.358833939E2,6.037126777E1,5.348543893E0,2.041383830E1,0.000000000E0,2.443478394E2,4.676019601E0,4.676019601E0
2.368833838E2,6.037126777E1,5.348543893E0,2.041383830E1,0.000000000E0,2.443478394E2,4.678070472E0,4.678070472E0
2.378833734E2,6.037126777E1,5.348543893E0,2.041383830E1,0.000000000E0,2.443478394E2,4.680133791E0,4.680133791E0
2.388833627E2,6.037126777E1,5.348543893E0,2.041383830E1,0.000000000E0,2.443478394E2,4.682343551E0,4.682343551E0
2.398833535E2,6.037126777E1,5.348543893E0,2.041383830E1,0.000000000E0,2.443478394E2,4.684333584E0,4.684333584E0
2.408833437E2,6.037126777E1,5.348543893E0,2.041383830E1,0.000000000E0,2.443478394E2,4.686083113E0,4.686083113E0
2.418833344E2,6.037126777E1,5.348543893E0,2.041383830E1,0.000000000E0,2.443478394E2,4.687781962E0,4.687781962E0
2.428833251E2,6.037126777E1,5.348543893E0,2.041383830E1,0.000000000E0,2.443478394E2,4.689261191E0,4.689261191E0
2.438833165E2,6.037126777E1,5.348543893E0,2.041383830E1,0.000000000E0,2.443478394E2,4.689053341E0,4.689053341E0
2.448833077E2,6.037126777E1,5.348543893E0,2.041383830E1,0.000000000E0,2.443478394E2,4.690971889E0,4.690971889E0
2.458832995E2,6.037126777E1,5.348543893E0,2.041383830E1,0.000000000E0,2.443478394E2,4.692460782E0,4.692460782E0
2.468832921E2,6.037126777E1,5.348543893E0,2.041383830E1,0.000000000E0,2.443478394E2,4.694092032E0,4.694092032E0
2.478832840E2,6.037126777E1,5.348543893E0,2.041383830E1,0.000000000E0,2.443478394E2,4.695444706E0,4.695444706E0
2.488832753E2,6.037126777E1,5.348543893E0,2.041383830E1,0.000000000E0,2.443478394E2,4.696603225E0,4.696603225E0
2.498832681E2,6.037126777E1,5.348543893E0,2.041383830E1,0.000000000E0,2.443478394E2,4.697661574E0,4.697661574E0
2.508832611E2,6.037126777E1,5.348543893E0,2.041383830E1,0.000000000E0,2.443478394E2,4.698808227E0,4.698808227E0
2.518832526E2,6.037126777E1,5.348543893E0,2.041383830E1,0.000000000E0,2.443478394E2,4.699838801E0,4.699838801E0
2.528832458E2,6.037126777E1,5.348543893E0,2.041383830E1,0.000000000E0,2.443478394E2,4.700810957E0,4.700810957E0
2.538832386E2,6.037126777E1,5.348543893E0,2.041383830E1,0.000000000E0,2.443478394E2,4.701679927E0,4.701679927E0
2.548832310E2,6.037126777E1,5.348543893E0,2.041383830E1,0.000000000E0,2.443478394E2,4.702605442E0,4.702605442E0
2.558832241E2,6.037126777E1,5.348543893E0,2.041383830E1,0.000000000E0,2.443478394E2,4.703476368E0,4.703476368E0
2.568832181E2,6.037126777E1,5.348543893E0,2.041383830E1,0.000000000E0,2.443478394E2,4.704231548E0,4.704231548E0
2.578832108E2,6.037126777E1,5.348543893E0,2.041383830E1,0.000000000E0,2.443478394E2,4.704979624E0,4.704979624E0
2.588832042E2,6.037126777E1,5.348543893E0,2.041383830E1,0.000000000E0,2.443478394E2,4.705693492E0,4.705693492E0
2.598831980E2,6.037126777E1,5.348543893E0,2.041383830E1,0.000000000E0,2.443478394E2,4.705125698E0,4.705125698E0
2.608831909E2,6.037126777E1,5.348543893E0,2.041383830E1,0.000000000E0,2.443478394E2,4.706211477E0,4.706211477E0
2.618831842E2,6.037127621E1,5.348562516E0,2.001315256E1,0.000000000E0,2.443478394E2,8.715518445E0,8.715518445E0
2.628831780E2,6.037126620E1,5.348562622E0,1.968955507E1,1.214576916E0,1.705097713E2,9.523922260E0,9.523922260E0
2.638831724E2,6.037125579E1,5.348528145E0,1.985255209E1,2.323280739E0,1.882356968E2,1.162424955E1,1.162424955E1
2.648831662E2,6.037125284E1,5.348464228E0,2.026354223E1,2.817009110E0,2.443478394E2,1.416562399E1,1.416562399E1
2.658831593E2,6.037123456E1,5.348385843E0,2.051995946E1,3.675198061E0,2.448734741E2,1.565372605E1,1.565372605E1
2.668831536E2,6.037121010E1,5.348280530E0,2.081121143E1,4.968918806E0,2.448734741E2,1.725835258E1,1.725835258E1
2.678831469E2,6.037117710E1,5.348138411E0,2.054999924E1,6.774628191E0,2.448734741E2,1.725791663E1,1.725791663E1
2.688831409E2,6.037114811E1,5.348013608E0,2.081798473E1,7.244203351E0,2.448734741E2,1.605337755E1,1.605337755E1
2.698831354E2,6.037112066E1,5.347895397E0,2.140748868E1,7.465965288E0,2.448734741E2,1.620610803E1,1.620610803E1
2.708831288E2,6.037109274E1,5.347775184E0,2.178022891E1,7.530751601E0,2.448734741E2,1.684801558E1,1.684801558E1
2.718831234E2,6.037106450E1,5.347653720E0,2.182157579E1,7.522079719E0,2.448077087E2,1.761830933E1,1.761830933E1
2.728831172E2,6.037102873E1,5.347500104E0,2.191253651E1,8.026884771E0,2.448165741E2,1.807879736E1,1.807879736E1
2.738831115E2,6.037097067E1,5.347250750E0,2.154904273E1,9.985432829E0,2.448165741E2,1.705185977E1,1.705185977E1
2.748831058E2,6.037089328E1,5.346918393E0,2.187481220E1,1.259868824E1,2.448165741E2,1.573357772E1,1.573357772E1
2.758830993E2,6.037082798E1,5.346637939E0,2.178636822E1,1.383531862E1,2.448165741E2,1.712127343E1,1.712127343E1
2.768830944E2,6.037076498E1,5.346367354E0,2.185917181E1,1.419338353E1,2.448165741E2,1.632227303E1,1.632227303E1
2.778830880E2,6.037070615E1,5.346109893E0,2.159098539E1,1.420606435E1,2.454127960E2,1.674403723E1,1.674403723E1
2.788830831E2,6.037064856E1,5.345855700E0,2.148352252E1,1.427932217E1,2.454127960E2,1.636029333E1,1.636029333E1
2.798830768E2,6.037059319E1,5.345611334E0,2.156923111E1,1.410671384E1,2.454127960E2,1.568017792E1,1.568017792E1
2.808830715E2,6.037053876E1,5.345371094E0,2.160711119E1,1.388298215E1,2.454127960E2,1.460675490E1,1.460675490E1
2.818830662E2,6.037048916E1,5.345152201E0,2.189990065E1,1.306088107E1,2.454127960E2,1.304497840E1,1.304497840E1
2.828830608E2,6.037044389E1,5.344952411E0,2.211839690E1,1.218907094E1,2.454127960E2,1.157183681E1,1.157183681E1
2.838830539E2,6.037039848E1,5.344757641E0,2.230726601E1,1.162814460E1,2.447876434E2,1.097863099E1,1.097863099E1
2.848830491E2,6.037035574E1,5.344574300E0,2.217255959E1,1.121877265E1,2.447876434E2,1.013374819E1,1.013374819E1
2.858830440E2,6.037029491E1,5.344395016E0,2.184358130E1,1.100972394E1,2.425923157E2,4.659407503E0,4.659407503E0
2.868830379E2,6.037026517E1,5.344204619E0,2.175543871E1,1.085856956E1,2.407674255E2,4.636492772E0,4.636492772E0
2.878830321E2,6.037021667E1,5.344031593E0,2.168510385E1,1.085313187E1,2.407674255E2,4.637641758E0,4.637641758E0
2.888830267E2,6.037016137E1,5.343867984E0,2.173554491E1,1.085048266E1,2.380350952E2,4.639829293E0,4.639829293E0
2.898830210E2,6.037009889E1,5.343707939E0,2.176934522E1,1.093215376E1,2.345049744E2,4.645371473E0,4.645371473E0
2.908830153E2,6.037004396E1,5.343558273E0,2.192419505E1,1.052889771E1,2.310529633E2,4.647765363E0,4.647765363E0
2.918830105E2,6.036998018E1,5.343434058E0,2.180181641E1,1.011970907E1,2.254243011E2,4.647528999E0,4.647528999E0
2.928830053E2,6.036991333E1,5.343322460E0,2.187959855E1,9.759057336E0,2.176573486E2,4.635220613E0,4.635220613E0
2.938829995E2,6.036983171E1,5.343226722E0,2.194649900E1,9.992626767E0,2.147977753E2,4.638646788E0,4.638646788E0
2.948829930E2,6.036976338E1,5.343125444E0,2.163813918E1,9.766677786E0,2.147977753E2,4.650356963E0,4.650356963E0
2.958829890E2,6.036968165E1,5.343041093E0,2.180074994E1,9.810687250E0,2.012577667E2,4.654210551E0,4.654210551E0
2.968829827E2,6.036959336E1,5.342988066E0,2.202060536E1,9.891730960E0,1.958557739E2,4.650721366E0,4.650721366E0
2.978829767E2,6.036950194E1,5.342949648E0,2.184157899E1,1.002141320E1,1.910463257E2,4.654102787E0,4.654102787E0
2.988829714E2,6.036941283E1,5.342927771E0,2.182548998E1,9.943934998E0,1.868675537E2,4.658479273E0,4.658479273E0
2.998829664E2,6.036931826E1,5.342916714E0,2.176547828E1,1.013173932E1,1.824579315E2,4.664971450E0,4.664971450E0
3.008829608E2,6.036922655E1,5.342929120E0,2.157071028E1,1.005104149E1,1.788523254E2,4.665913213E0,4.665913213E0
3.018829552E2,6.036913529E1,5.342966935E0,2.157988472E1,9.770465788E0,1.676665955E2,4.665526016E0,4.665526016E0
3.028829503E2,6.036904213E1,5.343013145E0,2.144088787E1,1.019469962E1,1.653771667E2,4.668814450E0,4.668814450E0
3.038829448E2,6.036894481E1,5.343071142E0,2.121707416E1,1.082198321E1,1.630887299E2,4.670986278E0,4.670986278E0
3.048829390E2,6.036884395E1,5.343146475E0,2.117657837E1,1.146969259E1,1.597717133E2,4.668588453E0,4.668588453E0
3.058846523E2,6.036873704E1,5.343226719E0,2.101021533E1,1.234354765E1,1.595245361E2,4.666256809E0,4.666256809E0
3.068843356E2,6.036862719E1,5.343309552E0,2.106400637E1,1.300551228E1,1.595213928E2,4.666435674E0,4.666435674E0
3.078843132E2,6.036851088E1,5.343397262E0,2.119068528E1,1.374308872E1,1.595213928E2,4.666086678E0,4.666086678E0
3.088846239E2,6.036838902E1,5.343489149E0,2.088420722E1,1.430988048E1,1.595213928E2,4.664827525E0,4.664827525E0
3.098842845E2,6.036826746E1,5.343580818E0,2.071737287E1,1.441740684E1,1.595213928E2,4.662478955E0,4.662478955E0
3.108842440E2,6.036814477E1,5.343673232E0,2.060416344E1,1.461280873E1,1.597439423E2,4.662179194E0,4.662179194E0
3.118845371E2,6.036802300E1,5.343767334E0,2.076425062E1,1.456711513E1,1.587384491E2,4.662186163E0,4.662186163E0
3.128841839E2,6.036789989E1,5.343864061E0,2.049711129E1,1.467932808E1,1.587384491E2,4.664146869E0,4.664146869E0
3.138841358E2,6.036777648E1,5.343961022E0,2.049464497E1,1.477566755E1,1.587384491E2,4.660155381E0,4.660155381E0
3.148844244E2,6.036765291E1,5.344058108E0,2.054051847E1,1.465369904E1,1.587384491E2,4.653102579E0,4.653102579E0
3.158843910E2,6.036752656E1,5.344156591E0,2.054674398E1,1.479373681E1,1.590507660E2,4.652474085E0,4.652474085E0
3.168843391E2,6.036740051E1,5.344254031E0,2.099873075E1,1.468717816E1,1.590507660E2,4.653295805E0,4.653295805E0
3.178839847E2,6.036727592E1,5.344350348E0,2.108390091E1,1.462358854E1,1.590507660E2,4.653199010E0,4.653199010E0
3.188839496E2,6.036714897E1,5.344447920E0,2.124723182E1,1.482357263E1,1.599865265E2,7.362593291E0,7.362593291E0
3.198839002E2,6.036702391E1,5.344535660E0,2.152260708E1,1.478772053E1,1.623505096E2,8.281959036E0,8.281959036E0
3.208838531E2,6.036689928E1,5.344594155E0,2.204883065E1,1.475182105E1,1.673128357E2,1.086309508E1,1.086309508E1
3.218838086E2,6.036676913E1,5.344653580E0,2.329646369E1,1.472444149E1,1.671422577E2,1.393559406E1,1.393559406E1
3.228837664E2,6.036665209E1,5.344707522E0,2.366355001E1,1.363491747E1,1.671422577E2,1.268803936E1,1.268803936E1
3.238837271E2,6.036654671E1,5.344755652E0,2.361536554E1,1.251722079E1,1.678334351E2,1.212183419E1,1.212183419E1
3.248836889E2,6.036644525E1,5.344799820E0,2.397894200E1,1.171463246E1,1.678334351E2,1.173098710E1,1.173098710E1
3.258836524E2,6.036635349E1,5.344839406E0,2.387704885E1,1.095984003E1,1.679895477E2,1.142603255E1,1.142603255E1
3.268836179E2,6.036626518E1,5.344877338E0,2.371522710E1,1.042418487E1,1.679895477E2,1.106078403E1,1.106078403E1
3.278835846E2,6.036618198E1,5.344913081E0,2.374779526E1,9.900542013E0,1.679895477E2,1.088413695E1,1.088413695E1
3.288835531E2,6.036609913E1,5.344948668E0,2.335300848E1,9.616951204E0,1.679895477E2,1.081011246E1,1.081011246E1
3.298835227E2,6.036602495E1,5.344980535E0,2.275811912E1,8.893542629E0,1.679895477E2,1.071754013E1,1.071754013E1
3.308834943E2,6.036595652E1,5.345009932E0,2.262050102E1,8.203127654E0,1.679895477E2,1.100113432E1,1.100113432E1
3.318834661E2,6.036589418E1,5.345036711E0,2.263998453E1,7.551312442E0,1.679895477E2,1.095805537E1,1.095805537E1
3.328834389E2,6.036583498E1,5.345062140E0,2.282188568E1,6.946813861E0,1.679895477E2,1.168928794E1,1.168928794E1
3.338834138E2,6.036578502E1,5.345083602E0,2.237898898E1,6.019847225E0,1.679895477E2,1.211564287E1,1.211564287E1
3.348833892E2,6.036574190E1,5.345102125E0,2.269977062E1,5.088933867E0,1.679895477E2,1.284694842E1,1.284694842E1
3.358833659E2,6.036570961E1,5.345115995E0,2.224625569E1,4.008031543E0,1.679895477E2,1.280440576E1,1.280440576E1
3.368833445E2,6.036568587E1,5.345126194E0,2.197265873E1,2.896870678E0,1.679895477E2,1.260293748E1,1.260293748E1
3.378833222E2,6.036566799E1,5.345133874E0,2.210980862E1,2.052475154E0,1.679895477E2,1.272888182E1,1.272888182E1
3.388833011E2,6.036565155E1,5.345140938E0,2.204728387E1,1.409205629E0,1.679895477E2,1.332574297E1,1.332574297E1
3.398832806E2,6.036564593E1,5.345143353E0,2.223168705E1,0.000000000E0,1.679895477E2,1.359115812E1,1.359115812E1
3.408832603E2,6.036564234E1,5.345144894E0,2.237358710E1,0.000000000E0,1.679895477E2,1.379041619E1,1.379041619E1
3.418832420E2,6.036563795E1,5.345146781E0,2.244388548E1,0.000000000E0,1.679895477E2,1.436414686E1,1.436414686E1
3.428832237E2,6.036563628E1,5.345147495E0,2.340862343E1,0.000000000E0,1.679895477E2,1.530272232E1,1.530272232E1
3.438832060E2,6.036563350E1,5.345148734E0,2.345402712E1,0.000000000E0,1.674016724E2,1.546338687E1,1.546338687E1
3.448831884E2,6.036563360E1,5.345148690E0,2.380380224E1,0.000000000E0,1.674016724E2,1.595206404E1,1.595206404E1
3.458831716E2,6.036563360E1,5.345148690E0,2.380380224E1,0.000000000E0,1.674016724E2,1.595206404E1,1.595206404E1
3.468831552E2,6.036563360E1,5.345148690E0,2.380380224E1,0.000000000E0,1.674016724E2,1.595206404E1,1.595206404E1
3.478831397E2,6.036563360E1,5.345148690E0,2.380380224E1,0.000000000E0,1.674016724E2,1.595206404E1,1.595206404E1
3.488831245E2,6.036563360E1,5.345148690E0,2.380380224E1,0.000000000E0,1.674016724E2,1.595206408E1,1.595206408E1
3.498831087E2,6.036563360E1,5.345148690E0,2.380380224E1,0.000000000E0,1.674016724E2,1.595206408E1,1.595206408E1
3.508830942E2,6.036563360E1,5.345148690E0,2.380380224E1,0.000000000E0,1.674016724E2,1.595206404E1,1.595206404E1
3.518830806E2,6.036563360E1,5.345148690E0,2.380380224E1,0.000000000E0,1.674016724E2,1.595206404E1,1.595206404E1
3.528830655E2,6.036563360E1,5.345148690E0,2.380380224E1,0.000000000E0,1.674016724E2,1.595206404E1,1.595206404E1
3.538830522E2,6.036563360E1,5.345148690E0,2.380380224E1,0.000000000E0,1.674016724E2,1.595206404E1,1.595206404E1
3.548830386E2,6.036563360E1,5.345148690E0,2.380380224E1,0.000000000E0,1.674016724E2,1.595206404E1,1.595206404E1
3.558830255E2,6.036563360E1,5.345148690E0,2.380380224E1,0.000000000E0,1.674016724E2,1.595206404E1,1.595206404E1
3.568830119E2,6.036563496E1,5.345148063E0,2.380380224E1,0.000000000E0,1.679895477E2,1.595353967E1,1.595353967E1
3.578829993E2,6.036563360E1,5.345148690E0,2.380380224E1,0.000000000E0,1.674016724E2,1.595206404E1,1.595206404E1
3.588829871E2,6.036563360E1,5.345148690E0,2.380380224E1,0.000000000E0,1.674016724E2,1.595206401E1,1.595206401E1
3.598829755E2,6.036563360E1,5.345148690E0,2.380380224E1,0.000000000E0,1.674016724E2,1.595206404E1,1.595206404E1
3.608829628E2,6.036563360E1,5.345148690E0,2.380380224E1,0.000000000E0,1.674016724E2,1.595206404E1,1.595206404E1
3.618829511E2,6.036562222E1,5.345153826E0,2.321635222E1,0.000000000E0,1.674016724E2,2.076057286E1,2.076057286E1
3.628829386E2,6.036561360E1,5.345157712E0,2.313757328E1,0.000000000E0,1.674016724E2,2.078824929E1,2.078824929E1
3.638829272E2,6.036558630E1,5.345170033E0,2.303577582E1,2.428440012E0,1.674016724E2,2.056527590E1,2.056527590E1
3.648829161E2,6.036558994E1,5.345168392E0,2.304382004E1,0.000000000E0,1.674016724E2,2.058809150E1,2.058809150E1
3.658829043E2,6.036550905E1,5.345204896E0,2.295975874E1,4.987973373E0,1.674016724E2,1.945687129E1,1.945687129E1
3.668828930E2,6.036545277E1,5.345230291E0,2.302076351E1,6.322830740E0,1.674016724E2,1.959436066E1,1.959436066E1
3.678828816E2,6.036538425E1,5.345261212E0,2.315437227E1,7.637156980E0,1.674016724E2,1.980537497E1,1.980537497E1
3.688828706E2,6.036530362E1,5.345297602E0,2.332392549E1,8.869796211E0,1.674016724E2,2.023002858E1,2.023002858E1
3.698828595E2,6.036521192E1,5.345338981E0,2.334510124E1,1.001520988E1,1.674016724E2,2.047761637E1,2.047761637E1
3.708828490E2,6.036511165E1,5.345384232E0,2.337432880E1,1.107437145E1,1.674016724E2,2.095365672E1,2.095365672E1
3.718828385E2,6.036500517E1,5.345432283E0,2.322220927E1,1.202653306E1,1.674016724E2,2.065545922E1,2.065545922E1
3.728828274E2,6.036489454E1,5.345482155E0,2.315798636E1,1.291754814E1,1.686146545E2,2.037721215E1,2.037721215E1
3.738828170E2,6.036477376E1,5.345531265E0,2.329890268E1,1.368626334E1,1.686146545E2,2.021725351E1,2.021725351E1
3.748828067E2,6.036464718E1,5.345582729E0,2.331253703E1,1.420245780E1,1.686146545E2,1.966205530E1,1.966205530E1
3.758827964E2,6.036452296E1,5.345633238E0,2.322475246E1,1.415226226E1,1.686146545E2,1.941181206E1,1.941181206E1
3.768827863E2,6.036439814E1,5.345683989E0,2.320321203E1,1.412344713E1,1.686146545E2,1.945841527E1,1.945841527E1
3.778827753E2,6.036427404E1,5.345734449E0,2.313784410E1,1.405610458E1,1.686146545E2,1.904669645E1,1.904669645E1
3.788827660E2,6.036414883E1,5.345785358E0,2.319074486E1,1.404946845E1,1.686146545E2,1.914642762E1,1.914642762E1
3.798827550E2,6.036402446E1,5.345835925E0,2.318776913E1,1.402776357E1,1.686146545E2,1.915939720E1,1.915939720E1
3.808827455E2,6.036389839E1,5.345889751E0,2.327901245E1,1.402095982E1,1.680613708E2,1.878496009E1,1.878496009E1
3.818827357E2,6.036377356E1,5.345943048E0,2.307351074E1,1.403998279E1,1.680613708E2,1.803853074E1,1.803853074E1
3.828827252E2,6.036364861E1,5.345996392E0,2.311867651E1,1.406239747E1,1.680613708E2,1.753140700E1,1.753140700E1
3.838827156E2,6.036352311E1,5.346049971E0,2.284129050E1,1.408468578E1,1.680613708E2,1.721245454E1,1.721245454E1
3.848827058E2,6.036340458E1,5.346094242E0,2.293657341E1,1.405738973E1,1.701461487E2,1.731104780E1,1.731104780E1
3.858826952E2,6.036328216E1,5.346135725E0,2.307443960E1,1.409650414E1,1.716751862E2,1.804080352E1,1.804080352E1
3.868826864E2,6.036315714E1,5.346172663E0,2.307076953E1,1.409359922E1,1.716751862E2,1.865375895E1,1.865375895E1
3.878826760E2,6.036303437E1,5.346205460E0,2.311634983E1,1.408793518E1,1.730552826E2,1.893296265E1,1.893296265E1
3.888826661E2,6.036291808E1,5.346224098E0,2.320127482E1,1.402047370E1,1.762030487E2,1.985421500E1,1.985421500E1
3.898826565E2,6.036279988E1,5.346232749E0,2.323587188E1,1.395556476E1,1.782825165E2,2.129313147E1,2.129313147E1
3.908826461E2,6.036268135E1,5.346231083E0,2.338641412E1,1.395278132E1,1.806447449E2,2.316323361E1,2.316323361E1
3.918826370E2,6.036255918E1,5.346220541E0,2.348477880E1,1.403291957E1,1.826286163E2,2.452491472E1,2.452491472E1
3.928826270E2,6.036243388E1,5.346204188E0,2.356351270E1,1.406683507E1,1.843546143E2,2.373442539E1,2.373442539E1
3.938826178E2,6.036230753E1,5.346176873E0,2.344916299E1,1.413831022E1,1.867867889E2,2.333145323E1,2.333145323E1
3.948826084E2,6.036219047E1,5.346138080E0,2.320747597E1,1.412315645E1,1.903209991E2,2.404484687E1,2.404484687E1
3.958825984E2,6.036207974E1,5.346085137E0,2.361240038E1,1.404607572E1,1.942598724E2,2.562868272E1,2.562868272E1
3.968825883E2,6.036196281E1,5.346019371E0,2.388399820E1,1.403502186E1,1.970100403E2,2.521179436E1,2.521179436E1
3.978825796E2,6.036183640E1,5.345941297E0,2.395438985E1,1.407308677E1,1.970100403E2,2.438963793E1,2.438963793E1
3.988825694E2,6.036171560E1,5.345861597E0,2.346275028E1,1.411229676E1,1.980417786E2,2.238492777E1,2.238492777E1
3.998825604E2,6.036159232E1,5.345780532E0,2.327574190E1,1.408595932E1,1.980417786E2,2.093503707E1,2.093503707E1
4.008825513E2,6.036146926E1,5.345699603E0,2.294316756E1,1.408679003E1,1.980417786E2,1.974293523E1,1.974293523E1
4.018825403E2,6.036134687E1,5.345619122E0,2.282217603E1,1.405463361E1,1.980417786E2,1.824657407E1,1.824657407E1
4.028825318E2,6.036122486E1,5.345538892E0,2.261139140E1,1.408752784E1,1.980417786E2,1.689020514E1,1.689020514E1
4.038825223E2,6.036110394E1,5.345459007E0,2.289955577E1,1.405633898E1,1.981991272E2,1.581810764E1,1.581810764E1
4.048825127E2,6.036097937E1,5.345376327E0,2.284774944E1,1.426482406E1,1.981991272E2,1.623628695E1,1.623628695E1
4.058825027E2,6.036085291E1,5.345292391E0,2.285978486E1,1.464679747E1,1.981991272E2,1.526432317E1,1.526432317E1
4.068824935E2,6.036072575E1,5.345207994E0,2.292009926E1,1.480066171E1,1.981991272E2,1.428277127E1,1.428277127E1
4.078824841E2,6.036059808E1,5.345123256E0,2.315807850E1,1.481671746E1,1.981991272E2,1.320590286E1,1.320590286E1
4.088824749E2,6.036047180E1,5.345039441E0,2.290847620E1,1.480236169E1,1.981991272E2,1.257312587E1,1.257312587E1
4.098824652E2,6.036034642E1,5.344956222E0,2.278146027E1,1.474538999E1,1.981991272E2,1.214584860E1,1.214584860E1
4.108824555E2,6.036021860E1,5.344871383E0,2.256976042E1,1.477649406E1,1.981991272E2,1.152714361E1,1.152714361E1
4.118824463E2,6.036009145E1,5.344789692E0,2.246771156E1,1.473319327E1,1.972593842E2,1.085814900E1,1.085814900E1
4.128824371E2,6.035996476E1,5.344710228E0,2.217213908E1,1.470702612E1,1.972593842E2,1.030110936E1,1.030110936E1
4.138824278E2,6.035984318E1,5.344632744E0,2.203350473E1,1.465841571E1,1.991477356E2,9.734725253E0,9.734725253E0
4.148824176E2,6.035972156E1,5.344545429E0,2.176539921E1,1.463764774E1,2.010509644E2,9.620451108E0,9.620451108E0
4.158824092E2,6.035960582E1,5.344454004E0,2.147563160E1,1.452360426E1,2.055325317E2,9.614199691E0,9.614199691E0
4.168823996E2,6.035948769E1,5.344342683E0,2.156749386E1,1.411436389E1,2.048094025E2,1.014414756E1,1.014414756E1
4.178823899E2,6.035938766E1,5.344238609E0,2.144078412E1,1.302459970E1,2.081998596E2,1.081777711E1,1.081777711E1
4.188823800E2,6.035929613E1,5.344137359E0,2.173190215E1,1.198675427E1,2.096492767E2,1.127762821E1,1.127762821E1
4.198823714E2,6.035920352E1,5.344030936E0,2.208981694E1,1.167843436E1,2.096492767E2,1.245477415E1,1.245477415E1
4.208823614E2,6.035911362E1,5.343927624E0,2.221986824E1,1.121396656E1,2.096492767E2,1.297158171E1,1.297158171E1
4.218823519E2,6.035903110E1,5.343832795E0,2.187265688E1,1.053741650E1,2.096492767E2,1.268503332E1,1.268503332E1
4.228823431E2,6.035895290E1,5.343743370E0,2.146640026E1,9.992085670E0,2.095167084E2,1.161633016E1,1.161633016E1
4.238823340E2,6.035887890E1,5.343658789E0,2.108854724E1,9.532151749E0,2.095167084E2,1.085201502E1,1.085201502E1
4.248823237E2,6.035880881E1,5.343578679E0,2.093247345E1,9.052118271E0,2.095167084E2,1.019581477E1,1.019581477E1
4.258823154E2,6.035874257E1,5.343502962E0,2.088253172E1,8.481098589E0,2.095167084E2,9.690568368E0,9.690568368E0
4.268823050E2,6.035868634E1,5.343438690E0,2.057554419E1,7.220689446E0,2.095167084E2,9.075048540E0,9.075048540E0
4.278822966E2,6.035863522E1,5.343380267E0,2.056252881E1,6.494010094E0,2.095167084E2,9.299820011E0,9.299820011E0
4.288822865E2,6.035858793E1,5.343326210E0,2.055260396E1,5.992136464E0,2.095167084E2,9.575048681E0,9.575048681E0
4.298822781E2,6.035854279E1,5.343274913E0,2.059208789E1,5.532166152E0,2.093291168E2,9.490993020E0,9.490993020E0
4.308822680E2,6.035849926E1,5.343228054E0,2.063842716E1,5.045917828E0,2.067916260E2,9.384193390E0,9.384193390E0
4.318839093E2,6.035846119E1,5.343189243E0,2.043023742E1,4.589561629E0,2.067916260E2,9.764427130E0,9.764427130E0
4.328835919E2,6.035842881E1,5.343156241E0,2.053259139E1,4.317276096E0,2.067916260E2,9.677697897E0,9.677697897E0
4.338835759E2,6.035839485E1,5.343121618E0,2.067799889E1,4.300196944E0,2.067916260E2,9.498501917E0,9.498501917E0
4.348838921E2,6.035836081E1,5.343086917E0,2.058891811E1,4.255255879E0,2.067916260E2,9.337599263E0,9.337599263E0
4.358835657E2,6.035832857E1,5.343054047E0,2.081061291E1,4.250974153E0,2.067916260E2,9.233951619E0,9.233951619E0
4.368835434E2,6.035829537E1,5.343020208E0,2.071237145E1,4.316742204E0,2.067916260E2,8.612011981E0,8.612011981E0
4.378838564E2,6.035826734E1,5.342987579E0,2.049186828E1,4.379542096E0,2.121919403E2,7.893983134E0,7.893983134E0
4.388835166E2,6.035823451E1,5.342944877E0,2.037445887E1,4.488613158E0,2.171587982E2,7.499831931E0,7.499831931E0
4.398834845E2,6.035820661E1,5.342900717E0,1.989745869E1,4.588667215E0,2.305705414E2,4.670252638E0,4.670252638E0
4.408837910E2,6.035818020E1,5.342833123E0,1.947301554E1,4.617240203E0,2.356607208E2,4.669564820E0,4.669564820E0
4.418837763E2,6.035816205E1,5.342774383E0,1.941859309E1,4.581122527E0,2.451288757E2,4.668136861E0,4.668136861E0
4.428837419E2,6.035814910E1,5.342712725E0,1.930066557E1,4.432118905E0,2.571115112E2,4.666275806E0,4.666275806E0
4.438833969E2,6.035812597E1,5.342633983E0,1.948242954E1,4.410591823E0,2.633003235E2,4.664824339E0,4.664824339E0
4.448833824E2,6.035812680E1,5.342554218E0,1.977725590E1,4.183618021E0,2.700000000E2,4.662442010E0,4.662442010E0
4.458833525E2,6.035813519E1,5.342468481E0,1.986612753E1,4.065431594E0,2.734633484E2,4.658529687E0,4.658529687E0
4.468833250E2,6.035813332E1,5.342395461E0,2.009083150E1,3.821906113E0,2.733613281E2,4.653360266E0,4.653360266E0
4.478832986E2,6.035813874E1,5.342327777E0,2.051697757E1,3.569795435E0,2.733613281E2,4.645786865E0,4.645786865E0
4.488832731E2,6.035814702E1,5.342268096E0,2.070239717E1,3.186592616E0,2.834286804E2,4.641528525E0,4.641528525E0
4.498832483E2,6.035815861E1,5.342223345E0,2.060534457E1,2.718241628E0,2.834286804E2,4.636643080E0,4.636643080E0
4.508832246E2,6.035816582E1,5.342176440E0,2.079023079E1,2.399470302E0,2.835609741E2,4.633342300E0,4.633342300E0
4.518832023E2,6.035817056E1,5.342148276E0,2.082082734E1,1.886819945E0,2.835609741E2,4.628810918E0,4.628810918E0
4.528831807E2,6.035817474E1,5.342122951E0,2.096672716E1,1.452440401E0,2.835609741E2,4.625002121E0,4.625002121E0
4.538831589E2,6.035817623E1,5.342112781E0,2.077638895E1,0.000000000E0,2.835609741E2,4.635951143E0,4.635951143E0
4.548831384E2,6.035817827E1,5.342108966E0,2.080892214E1,0.000000000E0,2.835609741E2,4.634476992E0,4.634476992E0
4.558831183E2,6.035818102E1,5.342103023E0,2.067256215E1,0.000000000E0,2.835609741E2,4.633798332E0,4.633798332E0
4.568830993E2,6.035818294E1,5.342099396E0,2.102239198E1,0.000000000E0,2.835609741E2,4.634940019E0,4.634940019E0
4.578830798E2,6.035818499E1,5.342097129E0,2.111957872E1,0.000000000E0,2.835609741E2,4.634828800E0,4.634828800E0
4.588830616E2,6.035818499E1,5.342097129E0,2.111957872E1,0.000000000E0,2.835609741E2,4.633957652E0,4.633957652E0
4.598830432E2,6.035818499E1,5.342097129E0,2.111957872E1,0.000000000E0,2.835609741E2,4.630804049E0,4.630804049E0
4.608830266E2,6.035818499E1,5.342097129E0,2.111957872E1,0.000000000E0,2.835609741E2,4.669514836E0,4.669514836E0
4.618830078E2,6.035818499E1,5.342097129E0,2.111957872E1,0.000000000E0,2.835609741E2,4.670856001E0,4.670856001E0
4.628829907E2,6.035818499E1,5.342097129E0,2.111957872E1,0.000000000E0,2.835609741E2,4.669911260E0,4.669911260E0
4.638829747E2,6.035818499E1,5.342097129E0,2.111957872E1,0.000000000E0,2.835609741E2,4.669459237E0,4.669459237E0
4.648829589E2,6.035818499E1,5.342097129E0,2.111957872E1,0.000000000E0,2.835609741E2,4.669325710E0,4.669325710E0
4.658829437E2,6.035818499E1,5.342097129E0,2.111957872E1,0.000000000E0,2.835609741E2,4.670353196E0,4.670353196E0
4.668829274E2,6.035818499E1,5.342097129E0,2.111957872E1,0.000000000E0,2.835609741E2,4.672115263E0,4.672115263E0
4.678829134E2,6.035818499E1,5.342097129E0,2.111957872E1,0.000000000E0,2.835609741E2,4.673832051E0,4.673832051E0
4.688828974E2,6.035818499E1,5.342097129E0,2.111957872E1,0.000000000E0,2.835609741E2,4.675639448E0,4.675639448E0
4.698828827E2,6.035818499E1,5.342097129E0,2.111957872E1,0.000000000E0,2.835609741E2,4.677055917E0,4.677055917E0
4.708828682E2,6.035818499E1,5.342097129E0,2.111957872E1,0.000000000E0,2.835609741E2,4.678244742E0,4.678244742E0
4.718828534E2,6.035818499E1,5.342097129E0,2.111957872E1,0.000000000E0,2.835609741E2,4.679663985E0,4.679663985E0
4.728828396E2,6.035818499E1,5.342097129E0,2.111957872E1,0.000000000E0,2.835609741E2,4.680658872E0,4.680658872E0
4.738828267E2,6.035818499E1,5.342097129E0,2.111957872E1,0.000000000E0,2.835609741E2,4.681576686E0,4.681576686E0
4.748828123E2,6.035818499E1,5.342097129E0,2.111957872E1,0.000000000E0,2.835609741E2,4.682407093E0,4.682407093E0
4.758827988E2,6.035818499E1,5.342097129E0,2.111957872E1,0.000000000E0,2.835609741E2,4.683283980E0,4.683283980E0
4.768827864E2,6.035818499E1,5.342097129E0,2.111957872E1,0.000000000E0,2.835609741E2,4.684159109E0,4.684159109E0
4.778827734E2,6.035818499E1,5.342097129E0,2.111957872E1,0.000000000E0,2.835609741E2,4.684381206E0,4.684381206E0
4.788827592E2,6.035818499E1,5.342097129E0,2.111957872E1,0.000000000E0,2.835609741E2,4.684508082E0,4.684508082E0
4.798827473E2,6.035818499E1,5.342097129E0,2.111957872E1,0.000000000E0,2.835609741E2,4.684864070E0,4.684864070E0
4.808827330E2,6.035818499E1,5.342097129E0,2.111957872E1,0.000000000E0,2.835609741E2,4.685136698E0,4.685136698E0
4.818827219E2,6.035817911E1,5.342049553E0,2.059967328E1,0.000000000E0,2.835609741E2,4.685328066E0,4.685328066E0
4.828827085E2,6.035818087E1,5.342034894E0,2.060830852E1,0.000000000E0,2.835609741E2,4.685864461E0,4.685864461E0
4.838826952E2,6.035818334E1,5.342014215E0,2.059897601E1,0.000000000E0,2.835609741E2,4.686175971E0,4.686175971E0
4.848826835E2,6.035819478E1,5.341929095E0,2.054656099E1,3.031290863E0,2.861487427E2,4.678105153E0,4.678105153E0
4.858826720E2,6.035820492E1,5.341858378E0,2.056930820E1,3.976293285E0,2.861487427E2,4.679909939E0,4.679909939E0
4.868826586E2,6.035821635E1,5.341778676E0,2.063718874E1,4.853713574E0,2.861487427E2,4.682072602E0,4.682072602E0
4.878826461E2,6.035823020E1,5.341682164E0,2.072317638E1,5.873693425E0,2.861487427E2,4.682877701E0,4.682877701E0
4.888826342E2,6.035824552E1,5.341575265E0,2.084790070E1,6.806550477E0,2.860501404E2,4.683550204E0,4.683550204E0
4.898826218E2,6.035826458E1,5.341441541E0,2.084201569E1,7.855301842E0,2.860501404E2,4.684987001E0,4.684987001E0
4.908826108E2,6.035828589E1,5.341293738E0,2.099575830E1,8.849733294E0,2.860090027E2,4.685938401E0,4.685938401E0
4.918825984E2,6.035831012E1,5.341123254E0,2.096490533E1,9.774164329E0,2.860090027E2,4.686749296E0,4.686749296E0
4.928825865E2,6.035833892E1,5.340920563E0,2.091970918E1,1.076011893E1,2.860090027E2,4.686990227E0,4.686990227E0
4.938825747E2,6.035838424E1,5.340721998E0,2.078225912E1,1.158400664E1,2.862570801E2,4.692083064E0,4.692083064E0
4.948825636E2,6.035841211E1,5.340517834E0,2.120380020E1,1.217943521E1,2.862570801E2,4.873114681E0,4.873114681E0
4.958825511E2,6.035844035E1,5.340305269E0,2.159720462E1,1.266592502E1,2.862570801E2,5.238907908E0,5.238907908E0
4.968825406E2,6.035847004E1,5.340074526E0,2.165913060E1,1.324136879E1,2.866109314E2,5.745728576E0,5.745728576E0
4.978825287E2,6.035850198E1,5.339834864E0,2.178094643E1,1.375936122E1,2.798366089E2,6.328942250E0,6.328942250E0
4.988825164E2,6.035852044E1,5.339601896E0,2.184141087E1,1.411181836E1,2.757494507E2,6.946192529E0,6.946192529E0
4.998825052E2,6.035852206E1,5.339391760E0,2.202611267E1,1.424829418E1,2.757494507E2,7.625869334E0,7.625869334E0
5.008824933E2,6.035851925E1,5.339192667E0,2.253438233E1,1.418240481E1,2.726422119E2,8.296968488E0,8.296968488E0
5.018824813E2,6.035852599E1,5.338953898E0,2.277392361E1,1.422935540E1,2.690673218E2,8.661405073E0,8.661405073E0
6.538808063E2,6.034781231E1,5.294018568E0,2.273536491E1,9.367226794E0,-1.000000000E0,3.389360232E2,3.389360232E2
6.548807946E2,6.034770028E1,5.293583821E0,-1.305969515E1,9.726049423E0,2.986836642E2,3.389360232E2,3.389360232E2
6.558807843E2,6.034770939E1,5.293061241E0,3.965307019E1,1.098477583E1,2.965523464E2,3.063424079E1,3.063424079E1
6.568807732E2,6.034782733E1,5.292935314E0,3.999040355E1,1.055876753E1,2.933486328E2,1.565469507E1,1.565469507E1
6.578807621E2,6.034786748E1,5.292747586E0,4.071938209E1,1.015913487E1,2.933486328E2,9.759258944E0,9.759258944E0
6.588807510E2,6.034790207E1,5.292585930E0,4.124528881E1,1.002291164E1,2.933486328E2,6.971297009E0,6.971297009E0
6.598820399E2,6.034793642E1,5.292425355E0,4.124259076E1,1.037763606E1,2.933486328E2,5.482811800E0,5.482811800E0
6.608820384E2,6.034797445E1,5.292247576E0,4.127525419E1,1.083942639E1,2.933486328E2,4.837241648E0,4.837241648E0
6.618820431E2,6.034801281E1,5.292068214E0,4.194732308E1,1.081304597E1,2.933486328E2,4.526738035E0,4.526738035E0
6.628820510E2,6.034803920E1,5.291871674E0,4.258475917E1,1.070649757E1,2.933486328E2,4.339375518E0,4.339375518E0
6.638817356E2,6.034808164E1,5.291690817E0,4.391352915E1,1.042740685E1,2.933486328E2,4.261595828E0,4.261595828E0
6.648817489E2,6.034812409E1,5.291525692E0,4.431966831E1,1.002966325E1,2.933486328E2,4.273492164E0,4.273492164E0
6.658820891E2,6.034816050E1,5.291369879E0,4.452075323E1,9.214048340E0,2.933486328E2,4.293043861E0,4.293043861E0
6.668821045E2,6.034817711E1,5.291230776E0,4.658055328E1,8.560116611E0,2.933486328E2,4.322810188E0,4.322810188E0
6.678821211E2,6.034821678E1,5.291114726E0,4.758591993E1,8.237019917E0,2.933486328E2,4.348340144E0,4.348340144E0
6.688821369E2,6.034824418E1,5.290986722E0,4.827606624E1,8.145716297E0,2.933798523E2,4.369569808E0,4.369569808E0
6.698818270E2,6.034827540E1,5.290841027E0,4.826352281E1,8.267677938E0,2.933798523E2,4.394668877E0,4.394668877E0
6.708818433E2,6.034830663E1,5.290695232E0,4.917351089E1,8.366517121E0,2.933798523E2,4.410633456E0,4.410633456E0
6.718818580E2,6.034833680E1,5.290554428E0,4.958899039E1,8.419204620E0,2.933798523E2,4.421686887E0,4.421686887E0
6.728818748E2,6.034836359E1,5.290429386E0,5.051377713E1,8.312994777E0,2.933798523E2,4.439386385E0,4.439386385E0
6.738818944E2,6.034839182E1,5.290297575E0,5.069352037E1,8.089810831E0,2.933798523E2,4.450395147E0,4.450395147E0
6.748819134E2,6.034841828E1,5.290174076E0,5.096551551E1,7.440955226E0,2.933798523E2,4.456781622E0,4.456781622E0
6.758819309E2,6.034844008E1,5.290072318E0,5.088255315E1,6.346162736E0,2.933798523E2,4.458667105E0,4.458667105E0
6.768819474E2,6.034845841E1,5.289986776E0,5.059437045E1,5.304983825E0,2.933798523E2,4.461279256E0,4.461279256E0
6.778819622E2,6.034847461E1,5.289911143E0,5.101873029E1,4.828911082E0,2.933798523E2,4.471908196E0,4.471908196E0
6.788819751E2,6.034848971E1,5.289840694E0,5.090734786E1,4.208517076E0,2.933798523E2,4.475144583E0,4.475144583E0
6.798819863E2,6.034850352E1,5.289776196E0,5.084549069E1,3.822875155E0,2.933798523E2,4.484288594E0,4.484288594E0
6.808819965E2,6.034851524E1,5.289721518E0,5.078790705E1,3.245460051E0,2.933798523E2,4.491305397E0,4.491305397E0
6.818820063E2,6.034852400E1,5.289680623E0,5.064100841E1,2.449307324E0,2.933798523E2,4.495805720E0,4.495805720E0
6.828820146E2,6.034853008E1,5.289652252E0,5.058115968E1,1.634915476E0,2.933798523E2,4.500555843E0,4.500555843E0
6.838820207E2,6.034853172E1,5.289644586E0,5.049884250E1,0.000000000E0,2.933798523E2,4.520754549E0,4.520754549E0
6.848820269E2,6.034853383E1,5.289634758E0,5.033786836E1,0.000000000E0,2.933798523E2,4.528347120E0,4.528347120E0
6.858820325E2,6.034853449E1,5.289631644E0,5.001352448E1,0.000000000E0,2.933798523E2,4.536489663E0,4.536489663E0
6.868820362E2,6.034853524E1,5.289628165E0,4.964682186E1,0.000000000E0,2.933798523E2,4.545890287E0,4.545890287E0
6.878820400E2,6.034853524E1,5.289628165E0,4.964682186E1,0.000000000E0,2.933798523E2,4.553282048E0,4.553282048E0
6.888820425E2,6.034853524E1,5.289628165E0,4.964682186E1,0.000000000E0,2.933798523E2,4.561345411E0,4.561345411E0